prompt,user_input
How are you?,"How, you"
He is a big and tall,"He/she, big, tall"
I not sleep tonight.,"I/Me, Not, Sleep, Night"
You don't like me?.,"You, Not, Like, I/Me"
"Hello, it's a bright and sunny day.","hello, bright, sunny, day"
I said hello to my neighbor as I passed by.,"I/Me hello, neighbor, passed by"
I want to thank you for your support during this difficult time.,"I/Me, good/thank, deeds, support, difficult time"
How are you?,"How, you"
I need your help to complete this task quickly.,"I/Me, help, task, fast/quick"
Can you help me find the solution to this problem?,"Can you, help, me/I, find, solution, problem"
Thanks for your help.,"good/thank, you, help"
How are you?,"How, you"
She always finishes her work quickly and comprehends complex topics with ease.,"he/she, finish/complete, fast/quick, comprehend, complex topics"
He always helps me understand complex topics quickly.,"he/she, help, I/Me, understand/comprehend, quick/fast, complex topics"
He always helps me understand topics quickly.,"He/She, help, I/Me, understand, fast/quick, topics"
She always helps me quickly.,"he/she, please, help, me, fast/quick"
Please help me.,"help, Me/I"
I'm really sorry for the mistake I made.,"I/Me, sorry, mistake"
She said she's sorry for the inconvenience and will fix it as soon as possible.," she/he, sorry, inconvenience, fix, soon"
You're always welcome to join our team meetings.," you, welcome, join, team meetings"
"Everything is going to be ok, don't worry.","everything, be, ok, worry"
What do you think about the new project proposal?,"what, think, new project proposal"
I love to eat delicious food in my favorite restaurant.,"I/Me, love, eat/food, delicious, favorite restaurant"
She's wondering what to eat for lunch today.,"she/he, eat/food, wondering, lunch, today"
"She has a meeting at 2 PM, so she can't join us for lunch.","she/he, have/has/had, meeting, 2 PM, join"
I had a great time at the concert last night.," I/Me, have/has/had, great time, concert, last night"
"I have a lot of work to do today, and I don't have much time.","I/Me, have/has/had, work, today, time"
I need to complete this report by the end of the day.,"I/Me, finish/complete, need, report, end of the day"
He always finishes his work quickly and with great accuracy.,"he/she, finish/complete, work, fast/quick, great accuracy"
I understand the importance of completing the project on time.,"I/Me, understand/comprehend, importance, completing, project, on time"
She always comprehends complex topics quickly and with ease.,"he/she, understand/comprehend, complex topics, fast/quick, with ease"
I need to send a text message to confirm the meeting time.,"I/Me, send text/message, need, confirm, meeting time"
She's wondering if she should send a message to apologize.,"he/she, send text/message, wondering, should, apologize"
I like the same flavor of ice cream as you do.,"I/Me, same/also, like, flavor, ice cream, you"
She also plans to read it over the weekend.,"he/she, same/also, plans, read, over the weekend"
I need to find a fast solution to this problem.,"I/Me, fast/quick, need, find, solution, problem"
She always completes her tasks quickly,"he/she, finish/complete, tasks, fast/quick"
She prefers to shop at the same store ,"he/she, store/shop, prefers, at, same/also"
I need to visit the store to buy some groceries.,"I/Me, store/shop, need, visit, buy, groceries"
She needs to tell me the details of the meeting tomorrow.,"he/she, tell, need, me, details, meeting, tomorrow"
I love eating pizza with my friends.,"I/Me, Love, eat/food, Pizza, Friends"
The flowers are blooming in the garden.,"Flowers, Blooming, Garden"
The waves crash against the shore.,"Waves, Crash, Shore"
I enjoy playing guitar in my free time.,"I/Me, Enjoy, Playing, Guitar, Free Time"
The cat curled up by the fireplace.,"I/Me, Cat, Curled, Fireplace"
The chef prepared a delicious meal for us.,"Chef, Prepared, Delicious, Meal, Us"
The children are playing in the park.,"Children, Playing, Park"
I like to read books on a rainy day.,"I/Me, Like, Read, Books, Rainy Day"
The mountain peak was covered in snow.,"Mountain, Peak, Covered, Snow"
We had a great time at the beach yesterday.,"We, have/has/had, Great Time, Beach, Yesterday"
The coffee is strong and bitter.,"Coffee, Strong, Bitter"
The stars shine brightly in the night sky.,"Stars, Shine, Bright, Night Sky"
I watched a thrilling movie last night.,"I/Me, Watched, Thrill, Movie, Last Night"
The car sped down the highway.,"Car, Sped, Highway"
I enjoy a warm cup of tea in the morning.,"I/Me, Enjoy, Warm Cup, Tea, Morning"
The soccer team celebrated their victory.,"Soccer Team, Celebrated, Victory"
I danced to the rhythm of the music.,"I/Me, Danced, Rhythm, Music"
The rain tapped on the windowpane.,"Rain, Tapped, Windowpane"
I like to go hiking in the mountains.,"I/Me, Like, Hiking, Mountains"
The fire crackles in the fireplace.,"Fire, Crackles, Fireplace"
I find solace in the peaceful night.,"I/Me, Find, Solace, Peaceful, Night"
The airplane soars high in the sky.,"Airplane, Soars, High, Sky"
I cherish the moments spent with family.,"I/Me, Cherish, Moments, Family"
The river flows gently through the valley.,"River, Flows, Gently, Valley"
I admire the beauty of a blooming rose.,"I/Me, Admire, Beauty, Blooming, Rose"
The baby giggles and plays with toys.,"Baby, Giggles, Plays, Toys"
I love the taste of freshly baked bread.,"I/Me, Love, Taste, Freshly Baked, Bread"
The butterfly flutters in the garden.,"Butterfly, Flutters, Garden"
I enjoy a cup of hot cocoa in winter.,"I/Me, Enjoy, Cup, Hot Cocoa, Winter"
The clock ticks away the hours.,"Clock, Ticks, Away, Hours"
I savor a delicious cake.,"I/Me, Savor, Delicious, Cake"
The wind rustles the leaves in the forest.,"Wind, Rustles, Leaves, Forest"
I find peace in the quiet of the library.,"I/Me, Find, Peace, Quiet, Library"
The lion roars in the wilderness.,"Lion, Roars, Wilderness"
I love the feeling of sand between my toes.,"I/Me, Love, Feeling, Sand, Between Toes"
The car races down the winding road.,"Car, Races, Down, Winding Road"
I admire the elegance of a swan in the lake.,"I/Me, Admire, Elegance, Swan, Lake"
The storm rages on with thunder and lightning.,"Storm, Rages, Thunder, Lightning"
I enjoy a cold ice cream on a hot day.,"I/Me, Enjoy, Cold, Ice Cream, Hot Day"
The hiker reaches the summit of the mountain.,"Hiker, Reaches, Summit, Mountain"
I feel joy watching the colorful fireworks.,"I/Me, Feel, Joy, Colorful, Fireworks"
The boat sails on the calm waters of the lake.,"Boat, Sails, Calm Waters, Lake"
I like to explore new places on weekends.,"I/Me, Like, Explore, New Places, Weekends"
The elephant trumpets in the safari.,"Elephant, Trumpets, Safari"
I relax in a hammock under the palm trees.,"I/Me, Relax, Hammock, Palm Trees"
The computer processes data quickly.,"Computer, Processes, Data, fast/quick"
I find inspiration in the art of painting.,"I/Me, Find, Inspiration, Art, Painting"
The ocean waves crash on the sandy beach.,"Ocean Waves, Crash, Sandy Beach"
I admire the bravery of firefighters.,"I/Me, Admire, Bravery, Firefighters"
The scientist conducts experiments in the lab.,"Scientist, Conducts, Experiments, Lab"
I enjoy a cup of herbal tea in the evening.,"I/Me, Enjoy, Cup, Herbal Tea, Evening"
The violinist plays a soulful melody.,"Violinist, Plays, Soulful, Melody"
I love to watch the stars twinkle at night.,"I/Me, Love, Watch, Stars, Twinkle, Night"
The mountain climber reaches the peak.,"Mountain Climber, Reaches, Peak"
I relax with a good book by the fireplace.,"I/Me, Relax, good/thank, book, Fireplace"
The food at the restaurant was really good.,"good/thank, Eat/Food, Restaurant"
I had a good day at work.,"I/Me, have/has/had, good/thank, Day, Work"
The snow falls gently on a winter day.,"Snow, Falls, Gently, Winter Day"
I admire the agility of gymnasts.,"I/Me, Admire, Agility, Gymnasts"
The painter creates a masterpiece on canvas.,"Painter, Creates, Masterpiece, Canvas"
I enjoy a walk in the park on a sunny day.,"I/Me, Enjoy, Walk, Park, Sunny Day"
The astronaut floats in space.,"Astronaut, Floats, Space"
I find serenity in the sounds of nature.,"I/Me, Find, Serenity, Sounds, Nature"
The artist sculpts a beautiful sculpture.,"Artist, Sculpts, Beautiful, Sculpture"
I love the smell of fresh-baked bread.,"I/Me, Love, Smell, Fresh-Baked, Bread"
The storm clouds gather in the sky.,"Storm Clouds, Gather, Sky"
I feel excitement at an amusement park.,"I/Me, Feel, Excitement, Amusement Park"
The dancer twirls gracefully on the stage.,"Dancer, Twirls, Gracefully, Stage"
I enjoy a picnic in the park with friends.,"I/Me, Enjoy, Picnic, Park, Friends"
I find beauty in the colors of a rainbow.,"I/Me, Find, Beauty, Colors, Rainbow"
The boat sails on the open sea.,"Boat, Sails, Open Sea"
I love the taste of chocolate ice cream.,"I/Me, Love, Taste, Chocolate Ice Cream"
The explorer treks through the jungle.,"Explorer, Treks, Jungle"
I find inspiration in the art of dance.,"I/Me, Find, Inspiration, Art, Dance"
The runner races towards the finish line.,"Runner, Races, finish/complete"
I enjoy a stroll in the countryside.,"I/Me, Enjoy, Stroll, Countryside"
The dog barks loudly in the yard.,"Dog, Barks, Loudly, Yard"
I feel calm by the riverside.,"I/Me, Feel, Calm, Riverside"
The guitarist strums a catchy tune.,"Guitarist, Strums, Catchy, Tune"
I love to swim in the crystal-clear water.,"I/Me, Love, Swim, Crystal-Clear, Water"
The sunsets are beautiful by the beach.,"Sunsets, Beautiful, Beach"
I enjoy a cup of herbal tea in the evening.,"I/Me, Enjoy, Cup, Herbal Tea, Evening"
The architect designs innovative buildings.,"Architect, Designs, Innovative, Buildings"
I find excitement in the city's hustle and bustle.,"I/Me, Find, Excitement, City's Hustle And Bustle"
The construction worker lays bricks for a new wall.,"Construction Worker, Lays Bricks, New Wall"
The runner sprints towards the finish line.,"Runner, Sprints, finish/complete"
I find inspiration in the art of sculpture.,"I/Me, Find, Inspiration, Art, Sculpture"
The sunflowers sway in the breeze.,"Sunflowers, Sway, Breeze"
I relax by the fireplace on a cold winter night.,"I/Me, Relax, Fireplace, Cold Winter Night"
The scientist conducts experiments in the lab.,"Scientist, Conducts, Experiments, Lab"
I enjoy a cup of hot cocoa by the fireplace.,"I/Me, Enjoy, Cup, Hot Cocoa, Fireplace"
The chef prepares a gourmet meal for guests.,"Chef, Prepares, Gourmet Meal, Guests"
I find joy in the melody of a songbird.,"I/Me, Find, Joy, Melody, Songbird"
The wind howls through the night.,"Wind, Howls, Night"
I need you to bring me some food.,"I/Me, take/bring me, Eat/Food"
Can he finish the race so quickly?,"he/she, finish/complete, fast/quick"
She also understands the importance of the task.,"he/she, understand/comprehend, same/also"
You should take a break from work.,"You, take/bring me, break, work"
Do you know where he is going?,"he/she, know, going"
I can finish this puzzle in no time.,"I/Me, finish/complete, fast/quick"
She is very quick to respond.,"he/she, fast/quick, respond"
You and I also enjoy the same music.,"You, I/Me, same/also, enjoy, music"
Can she comprehend the instructions clearly?,"he/she, understand/comprehend, clear"
You should bring me some tea.,"You, take/bring me, tea"
Do you understand how he completed the task so fast?,"he/she, understand/comprehend, I/Me, finish/complete, fast/quick"
He and I can work on the same project.,"he/she, same/also, I, can, work, project"
I need you to bring me to the airport.,"I/Me, You, take/bring me, airport"
Can he comprehend the complexity of the problem?,"he/she, understand/comprehend, complexity"
You should bring me some water.,"You, take/bring me, water"
Do you understand why he is so quick?,"he/she, understand/comprehend, fast/quick"
He can finish the race faster than anyone.,"he/she, finish/complete, fast/quick, anyone"
She also understands the situation well.,"he/she, understand/comprehend, same/also, well"
I need you to bring me dinner tonight.,"I/Me, You, take/bring me, dinner, tonight"
Can he comprehend the meaning of the poem?,"he/she, understand/comprehend, meaning, poem"
She is also very quick to respond.,"he/she, same/also, fast/quick, respond"
You and I both enjoy the same food.,"You, I, same/also, enjoy, Eat/Food"
I need you to take me to the station.,"I/Me, You, take/bring me, station"
Do you understand how he finished the project so fast?,"he/she, understand/comprehend, I/Me, finish/complete, project, fast/quick"
You should bring me lunch today.,"You, take/bring me, lunch, today"
Can he comprehend the complexity of the problem?,"he/she, understand/comprehend, complexity"
She also understands the situation well.,"he/she, understand/comprehend, same/also, well"
I need you to take me to the airport.,"I/Me, You, take/bring me, airport"
Do you understand why he is so quick?,"he/she, understand/comprehend, fast/quick"
He can finish the race faster than anyone.,"he/she, finish/complete, fast/quick, anyone"
She and I both enjoy the same music.,"he/she, same/also, I, enjoy, music"
I need you to bring me breakfast.,"I/Me, You, take/bring me, breakfast"
Can he comprehend the meaning of the poem?,"he/she, understand/comprehend, meaning, poem"
She is also very quick to respond.,"he/she, fast/quick, same/also"
You and I both enjoy the same food.,"You, I, same/also, enjoy, Eat/Food"
I need you to take me to the station.,"I/Me, You, take/bring me, station"
Do you understand how he finished the project so fast?,"he/she, understand/comprehend, I/Me, finish/complete, fast/quick"
You should bring me dinner tonight.,"You, take/bring me, dinner, tonight"
Can he comprehend the complexity of the problem?,"he/she, understand/comprehend, complexity"
She also understands the situation well.,"he/she, understand/comprehend, same/also, well"
I need you to bring me to the airport.,"I/Me, You, take/bring me, airport"
Do you understand why he is so quick?,"he/she, understand/comprehend, fast/quick"
He can finish the race faster than anyone.,"he/she, finish/complete, fast/quick, anyone"
She and I both enjoy the same music.,"he/she, same/also, I, enjoy, music"
I need you to bring me breakfast.,"I/Me, You, take/bring me, breakfast"
Can he comprehend the meaning of the poem?,"he/she, understand/comprehend, meaning, poem"
You and I both enjoy the same food.,"You, I, same/also, enjoy, Eat/Food"
I need you to take me to the station.,"I/Me, You, take/bring me, station"
Do you understand how he finished the project so fast?,"he/she, understand/comprehend, I/Me, finish/complete, fast/quick"
The car moves fast on the highway.,"Car, Moves, fast/quick, Highway"
I understand the importance of education.,"I/Me, understand/comprehend, Importance, Education"
The chef prepares food for the guests.,"Chef, Prepares, Eat/Food, Guests"
He finishes his work quickly and efficiently.,"He/She, Finishes, Work, fast/quick, Efficient"
The students comprehend complex topics in class.,"Students, understand/comprehend, Complex Topics, Class"
The movie is the same as the book it's based on.,"Movie, Same, Book, Based On"
She takes a break to have lunch with me.,"He/She, take/bring me, Break, Lunch, I/Me"
The cat eats its food slowly and carefully.,"Cat, Eat/Food, Slowly, Carefully"
I finish my tasks before the deadline.,"I/Me, finish/complete, Tasks, Before Deadline"
The dog runs fast in the park.,"Dog, Runs, fast/quick, Park"
She understands the complexity of the situation.,"He/She, understand/comprehend, Complexity, Situation"
The team completes the project on time.,"Team, finish/complete, Project, On Time"
I take my dog for a walk every morning.,"I/Me, take/bring me, Dog, Walk, Every Morning"
The flowers in the garden look beautiful.,"Flowers, Look, Beautiful, Garden"
He also enjoys playing soccer.,"He/She, same/also, Enjoys, Playing, Soccer"
I find solace in the quiet of the forest.,"I/Me, Find, Solace, Quiet, Forest"
The bird sings a sweet melody.,"Bird, Sings, Sweet Melody"
She finishes her meal quickly.,"He/She, Finishes, Meal, fast/quick"
The athlete runs fast in the race.,"Athlete, Runs, fast/quick, Race"
I take a moment to enjoy the sunset.,"I/Me, take/bring me, Moment, Enjoy, Sunset"
The car moves quickly on the highway.,"Car, Move, fast/quick, Highway"
I comprehend the instructions clearly.,"I/Me, understand/comprehend, Instructions, Clearly"
The child finishes their homework early.,"Child, Finishes, Homework, Early"
He also loves playing video games.,"He/She, same/also, Loves, Playing, Video Games"
I find peace in the beauty of nature.,"I/Me, Find, Peace, Beauty, Nature"
The artist creates beautiful paintings.,"Artist, Creates, Beautiful Paintings"
She understands the intricacies of the technology.,"He/She, understand/comprehend, Intricacies, Technology"
The musicians play the same song again.,"Musicians, Play, Same Song, Again"
I enjoy eating pizza with my friends.,"I/Me, Enjoy, Eating, Pizza, Friends"
The sun shines brightly in the sky.,"Sun, Shines, Brightly, Sky"
He takes a walk in the park every evening.,"He/She, take/bring me, Walk, Park, Every Evening"
I find solace in reading a good book.,"I/Me, Find, Solace, Reading, good/thank, Book"
The car races down the winding road.,"Car, Races, Down, Winding Road"
She enjoys the taste of chocolate ice cream.,"He/She, Enjoys, Taste, Chocolate Ice Cream"
I admire the beauty of a blooming rose.,"I/Me, Admire, Beauty, Blooming Rose"
The mountain climber reaches the peak.,"Mountain Climber, Reaches, Peak"
He finds excitement in solving puzzles.,"He/She, Finds, Excitement, Solving Puzzles"
I enjoy a picnic in the park with friends.,"I/Me, Enjoy, Picnic, Park, Friends"
The ocean waves crash on the sandy beach.,"Ocean Waves, Crash, Sandy Beach"
She takes a moment to relax in the garden.,"He/She, take/bring me, Moment, Relax, Garden"
I find joy in the laughter of children playing.,"I/Me, Find, Joy, Laughter, Children Playing"
The dog barks loudly in the yard.,"Dog, Barks, Loudly, Yard"
He finishes his work before lunchtime.,"He/She, Finishes, Work, Before Lunchtime"
I also appreciate a good cup of coffee.,"I/Me, same/also, Appreciate, Good Cup, Coffee"
The river flows gently through the valley.,"River, Flows, Gently, Valley"
She understands the art of storytelling.,"He/She, understand/comprehend, Art, Storytelling"
The snow covers the landscape in white.,"Snow, Covers, Landscape, White"
I find tranquility in the shade of a tree.,"I/Me, Find, Tranquility, Shade, Tree"
The painter adds vibrant colors to the canvas.,"Painter, Adds, Vibrant Colors, Canvas"
She also loves to swim in the clear water.,"He/She, same/also, Loves, Swim, Clear Water"
