https://www.handspeak.com/word/,,
A, https://www.handspeak.com/word/2460/,
B, https://www.handspeak.com/word/2461/,
C, https://www.handspeak.com/word/2462/,
D, https://www.handspeak.com/word/2463/,
E, https://www.handspeak.com/word/2464/,
F, https://www.handspeak.com/word/2465/, add more
G, https://www.handspeak.com/word/2466/,
H, https://www.handspeak.com/word/2467/,
I, https://www.handspeak.com/word/2468/,
J, https://www.handspeak.com/word/2469/,
K, https://www.handspeak.com/word/2470/,
L, https://www.handspeak.com/word/2471/, add more
M, https://www.handspeak.com/word/2472/, add more
N, https://www.handspeak.com/word/2473/,
O, https://www.handspeak.com/word/2474/, add more
P, https://www.handspeak.com/word/2475/,
Q, https://www.handspeak.com/word/2476/,
R, https://www.handspeak.com/word/2477/, 
S, https://www.handspeak.com/word/2478/,
T, https://www.handspeak.com/word/2479/, add more
U, https://www.handspeak.com/word/2480/, add more
V, https://www.handspeak.com/word/2481/, 
W, https://www.handspeak.com/word/2482/,
X, https://www.handspeak.com/word/2483/,
Y, https://www.handspeak.com/word/2485/,
Z, https://www.handspeak.com/word/2486/,
1,,
2,,
3,,
4,,
5,,
6,,
7,,
8,,
9,, not good
10,,
airplane,https://www.handspeak.com/word/56/,
ship,https://www.handspeak.com/word/4595/ ,
car,https://www.handspeak.com/word/319/ ,
telephone,https://www.handspeak.com/word/2165/,
