prompt,user_input
How are you?,"How, you"
He is a big and tall,"He/she, big, tall"
I not sleep tonight.,"I/Me, Not, Sleep, Night"
You don't like me?.,"You, Not, Like, I/Me"
"Hello, it's a bright and sunny day.","hello, bright, sunny, day"
I said hello to my neighbor as I passed by.,"I/Me hello, neighbor, passed by"
I want to thank you for your support during this difficult time.,"I/Me, good/thank, deeds, support, difficult time"
How are you?,"How, you"
I need your help to complete this task quickly.,"I/Me, help, task, fast/quick"
Can you help me find the solution to this problem?,"Can you, help, me/I, find, solution, problem"
Thanks for your help.,"good/thank, you, help"
How are you?,"How, you"
She always finishes her work quickly and comprehends complex topics with ease.,"he/she, finish/complete, fast/quick, comprehend, complex topics"
He always helps me understand complex topics quickly.,"he/she, help, I/Me, understand/comprehend, quick/fast, complex topics"
He always helps me understand topics quickly.,"He/She, help, I/Me, understand, fast/quick, topics"
She always helps me quickly.,"he/she, please, help, me, fast/quick"
Please help me.,"help, Me/I"
I'm really sorry for the mistake I made.,"I/Me, sorry, mistake"
She said she's sorry for the inconvenience and will fix it as soon as possible.," she/he, sorry, inconvenience, fix, soon"
You're always welcome to join our team meetings.," you, welcome, join, team meetings"
"Everything is going to be ok, don't worry.","everything, be, ok, worry"
What do you think about the new project proposal?,"what, think, new project proposal"
I love to eat delicious food in my favorite restaurant.,"I/Me, love, eat/food, delicious, favorite restaurant"
She's wondering what to eat for lunch today.,"she/he, eat/food, wondering, lunch, today"
"She has a meeting at 2 PM, so she can't join us for lunch.","she/he, have/has/had, meeting, 2 PM, join"
I had a great time at the concert last night.," I/Me, have/has/had, great time, concert, last night"
"I have a lot of work to do today, and I don't have much time.","I/Me, have/has/had, work, today, time"
I need to complete this report by the end of the day.,"I/Me, finish/complete, need, report, end of the day"
He always finishes his work quickly and with great accuracy.,"he/she, finish/complete, work, fast/quick, great accuracy"
I understand the importance of completing the project on time.,"I/Me, understand/comprehend, importance, completing, project, on time"
She always comprehends complex topics quickly and with ease.,"he/she, understand/comprehend, complex topics, fast/quick, with ease"
I need to send a text message to confirm the meeting time.,"I/Me, send text/message, need, confirm, meeting time"
She's wondering if she should send a message to apologize.,"he/she, send text/message, wondering, should, apologize"
I like the same flavor of ice cream as you do.,"I/Me, same/also, like, flavor, ice cream, you"
She also plans to read it over the weekend.,"he/she, same/also, plans, read, over the weekend"
I need to find a fast solution to this problem.,"I/Me, fast/quick, need, find, solution, problem"
She always completes her tasks quickly,"he/she, finish/complete, tasks, fast/quick"
She prefers to shop at the same store ,"he/she, store/shop, prefers, at, same/also"
I need to visit the store to buy some groceries.,"I/Me, store/shop, need, visit, buy, groceries"
She needs to tell me the details of the meeting tomorrow.,"he/she, tell, need, me, details, meeting, tomorrow"
I love eating pizza with my friends.,"I/Me, Love, eat/food, Pizza, Friends"
The flowers are blooming in the garden.,"Flowers, Blooming, Garden"
The waves crash against the shore.,"Waves, Crash, Shore"
I enjoy playing guitar in my free time.,"I/Me, Enjoy, Playing, Guitar, Free Time"
The cat curled up by the fireplace.,"I/Me, Cat, Curled, Fireplace"
The chef prepared a delicious meal for us.,"Chef, Prepared, Delicious, Meal, Us"
The children are playing in the park.,"Children, Playing, Park"
I like to read books on a rainy day.,"I/Me, Like, Read, Books, Rainy Day"
The mountain peak was covered in snow.,"Mountain, Peak, Covered, Snow"
We had a great time at the beach yesterday.,"We, have/has/had, Great Time, Beach, Yesterday"
The coffee is strong and bitter.,"Coffee, Strong, Bitter"
The stars shine brightly in the night sky.,"Stars, Shine, Bright, Night Sky"
I watched a thrilling movie last night.,"I/Me, Watched, Thrill, Movie, Last Night"
The car sped down the highway.,"Car, Sped, Highway"
I enjoy a warm cup of tea in the morning.,"I/Me, Enjoy, Warm Cup, Tea, Morning"
The soccer team celebrated their victory.,"Soccer Team, Celebrated, Victory"
I danced to the rhythm of the music.,"I/Me, Danced, Rhythm, Music"
The rain tapped on the windowpane.,"Rain, Tapped, Windowpane"
I like to go hiking in the mountains.,"I/Me, Like, Hiking, Mountains"
The fire crackles in the fireplace.,"Fire, Crackles, Fireplace"
I find solace in the peaceful night.,"I/Me, Find, Solace, Peaceful, Night"
The airplane soars high in the sky.,"Airplane, Soars, High, Sky"
I cherish the moments spent with family.,"I/Me, Cherish, Moments, Family"
The river flows gently through the valley.,"River, Flows, Gently, Valley"
I admire the beauty of a blooming rose.,"I/Me, Admire, Beauty, Blooming, Rose"
The baby giggles and plays with toys.,"Baby, Giggles, Plays, Toys"
I love the taste of freshly baked bread.,"I/Me, Love, Taste, Freshly Baked, Bread"
The butterfly flutters in the garden.,"Butterfly, Flutters, Garden"
I enjoy a cup of hot cocoa in winter.,"I/Me, Enjoy, Cup, Hot Cocoa, Winter"
The clock ticks away the hours.,"Clock, Ticks, Away, Hours"
I savor a delicious cake.,"I/Me, Savor, Delicious, Cake"
The wind rustles the leaves in the forest.,"Wind, Rustles, Leaves, Forest"
I find peace in the quiet of the library.,"I/Me, Find, Peace, Quiet, Library"
The lion roars in the wilderness.,"Lion, Roars, Wilderness"
I love the feeling of sand between my toes.,"I/Me, Love, Feeling, Sand, Between Toes"
The car races down the winding road.,"Car, Races, Down, Winding Road"
I admire the elegance of a swan in the lake.,"I/Me, Admire, Elegance, Swan, Lake"
The storm rages on with thunder and lightning.,"Storm, Rages, Thunder, Lightning"
I enjoy a cold ice cream on a hot day.,"I/Me, Enjoy, Cold, Ice Cream, Hot Day"
The hiker reaches the summit of the mountain.,"Hiker, Reaches, Summit, Mountain"
I feel joy watching the colorful fireworks.,"I/Me, Feel, Joy, Colorful, Fireworks"
The boat sails on the calm waters of the lake.,"Boat, Sails, Calm Waters, Lake"
I like to explore new places on weekends.,"I/Me, Like, Explore, New Places, Weekends"
The elephant trumpets in the safari.,"Elephant, Trumpets, Safari"
I relax in a hammock under the palm trees.,"I/Me, Relax, Hammock, Palm Trees"
The computer processes data quickly.,"Computer, Processes, Data, fast/quick"
I find inspiration in the art of painting.,"I/Me, Find, Inspiration, Art, Painting"
The ocean waves crash on the sandy beach.,"Ocean Waves, Crash, Sandy Beach"
I admire the bravery of firefighters.,"I/Me, Admire, Bravery, Firefighters"
The scientist conducts experiments in the lab.,"Scientist, Conducts, Experiments, Lab"
I enjoy a cup of herbal tea in the evening.,"I/Me, Enjoy, Cup, Herbal Tea, Evening"
The violinist plays a soulful melody.,"Violinist, Plays, Soulful, Melody"
I love to watch the stars twinkle at night.,"I/Me, Love, Watch, Stars, Twinkle, Night"
The mountain climber reaches the peak.,"Mountain Climber, Reaches, Peak"
I relax with a good book by the fireplace.,"I/Me, Relax, good/thank, book, Fireplace"
